model,mse,r2
msbos,0.4397417503586801,0.9247154109863377
ann,0.996413199426112,0.8262959171857855
xgboost,1.0111190817790532,0.8237322500168213
lr,1.1904591104734576,0.7924680162489641
rf,0.7916068866571019,0.8619996721486785
