model,mse,r2
msbos,0.4397417503586801,0.9247154109863377
ann,1.3773314203730274,0.7598906846628569
