model,mse,r2
ann,1.3773314203730274,0.7598906846628569
