model,mse,r2
msbos,0.4397417503586801,0.9247154109863377
ann,0.5272596843615495,0.9074406140549971
xgboost,0.7998565279770444,0.8595867818657439
lr,0.5853658536585366,0.8972401919304458
rf,0.601506456241033,0.8944067413402927
