,param,ann_mse_cv_results,ann_adj_r2_cv_results,best_epochs,best_epoch_mean,ann_mse_mean,ann_mse_95_ci_lower,ann_mse_95_ci_upper,ann_adj_r2_mean,ann_adj_r2_95_ci_lower,ann_adj_r2_95_ci_upper
0,"{'num_layers': 2, 'num_units': 50}","[0.8444666001994018, 0.8110667996011964, 0.8349950149551346, 0.810568295114656, 0.7781655034895314]","[0.8613721975214195, 0.8596322692392222, 0.8467330860647917, 0.8658241240376863, 0.8664625803998938]","[51, 44, 51, 58, 90]",59.0,0.815852442671984,0.7838549634166757,0.8478499219272922,0.8600048514526026,0.8501159816973568,0.8698937212078485
1,"{'num_layers': 2, 'num_units': 100}","[1.0209371884346958, 1.0677966101694916, 0.7572283150548355, 0.8579262213359921, 0.9247258225324028]","[0.8324027511947266, 0.8152011805226884, 0.8610074971536826, 0.8579848200915486, 0.8413120350043581]","[39, 34, 64, 32, 44]",43.0,0.9257228315054837,0.7708398562586856,1.080605806752282,0.8415816567934009,0.8181319390736669,0.8650313745131349
