prev_practice_mse_cv_results,prev_practice_r2_results,prev_practice_mse_mean,prev_practice_mse_95_ci_lower,prev_practice_mse_95_ci_upper,prev_practice_r2_mean,prev_practice_r2_95_ci_lower,prev_practice_r2_95_ci_upper
"[0.4955134596211366, 0.3339980059820538, 0.3419740777666999, 0.39581256231306083, 0.3913260219341974]","[0.9206849317901965, 0.9436379327842027, 0.9387945490643761, 0.9361138399450265, 0.9345209879130512]",0.3917248255234297,0.3117447187575567,0.47170493228930266,0.9347504482993706,0.9240856391690505,0.9454152574296907
