prev_practice_mse_cv_results,prev_practice_r2_results,prev_practice_mse_mean,prev_practice_mse_95_ci_lower,prev_practice_mse_95_ci_upper,prev_practice_r2_mean,prev_practice_r2_95_ci_lower,prev_practice_r2_95_ci_upper
"[0.4955134596211366, 0.3339980059820538, 0.3419740777666999, 0.39581256231306083, 0.3913260219341974, 0.3135593220338983, 0.41625124626121635, 0.34546360917248253, 0.4107676969092722, 0.47258225324027914, 0.3035892323030907, 0.42323030907278164, 0.4317048853439681, 0.47756729810568294, 0.32253240279162515, 0.357926221335992, 0.40229312063808575, 0.3713858424725823, 0.43419740777667, 0.39282153539381853, 0.3285144566301097, 0.36689930209371885, 0.44017946161515453, 0.4556331006979063, 0.3673978065802592, 0.4037886340977069, 0.5284147557328016, 0.27716849451645065, 0.37038883349950147, 0.37886340977068794, 0.3320039880358923, 0.4102691924227318, 0.39282153539381853, 0.4541375872382851, 0.3693918245264207, 0.42771684945164506, 0.35044865403788633, 0.32652043868394814, 0.4556331006979063, 0.3983050847457627, 0.4102691924227318, 0.33798604187437686, 0.3604187437686939, 0.4411764705882353, 0.4087736789631107, 0.2876370887337986, 0.4561316051844467, 0.42123629112662014, 0.37836490528414757, 0.4152542372881356]","[0.9206849317901965, 0.9436379327842027, 0.9387945490643761, 0.9361138399450265, 0.9345209879130512, 0.9478427954919671, 0.9335097873802568, 0.9393797473835631, 0.9317168897075979, 0.9205552553028146, 0.9459505041587205, 0.9336441302413958, 0.9246327846319594, 0.926107896310478, 0.9434668996262857, 0.939699432458548, 0.931833708207332, 0.9381219628380665, 0.9295450915390083, 0.933961410868764, 0.9464517674043078, 0.939105689048328, 0.9262084120422275, 0.919637159155141, 0.9401476982549654, 0.934092718240347, 0.9154079093103534, 0.952759552741052, 0.9360277710391511, 0.9358464678085027, 0.944117581978937, 0.9302807809453892, 0.9325001049396178, 0.9253672235743496, 0.9405429686156268, 0.928439584483028, 0.9421520531636438, 0.9451322739678983, 0.9250845293729024, 0.9323545527755269, 0.9308661113972605, 0.9404166690579124, 0.9412038443724415, 0.9268070744214862, 0.9338016993628395, 0.9522187749350329, 0.925154933801003, 0.9317256371688487, 0.9337216620093547, 0.9302837783216753]",0.3917248255234297,0.37622432292254576,0.4072253281243136,0.9346315504270553,0.9322449519713308,0.9370181488827797
