lr_mse_cv_results,lr_adj_r2_results,lr_mse_mean,lr_mse_95_ci_lower,lr_mse_95_ci_upper,lr_adj_r2_mean,lr_adj_r2_95_ci_lower,lr_adj_r2_95_ci_upper
"[10.866129032258064, 16.00725806451613, 12.453225806451613, 14.011290322580646, 12.688709677419356, 12.44516129032258, 10.850806451612904, 11.356451612903227, 17.425, 13.834677419354838, 10.983064516129032, 12.3, 17.758870967741935, 13.578225806451613, 11.380645161290323]","[0.41517877861322094, 0.30352737065493873, 0.29013299869431985, 0.3165004135438092, 0.38772272379102846, 0.37175892121852105, 0.39329861374437225, 0.39528588806853004, 0.2697076399359246, 0.30836983686750263, 0.36972636681365334, 0.3031320754224365, 0.2873175365423214, 0.3789487033466429, 0.38280608000379535]",13.195967741935483,11.935699630166784,14.456235853704182,0.34489426315073446,0.31794515973928367,0.37184336656218525
