param,rf_mse_cv_results,rf_adj_r2_cv_results,rf_mse_mean,rf_mse_95_ci_lower,rf_mse_95_ci_upper,rf_adj_r2_mean,rf_adj_r2_95_ci_lower,rf_adj_r2_95_ci_upper
"{'bootstrap': False, 'max_depth': 50, 'max_features': 'sqrt', 'min_samples_leaf': 2, 'min_samples_split': 2, 'n_estimators': 1000}","[0.7791625124626121, 0.7308075772681955, 0.7003988035892323, 0.7432701894317049, 0.7517447657028913]","[0.8720925293541786, 0.8735223765855562, 0.8714387975647954, 0.8769641875400923, 0.8709965222569123]",0.7410767696909273,0.7052547403669839,0.7768987990148707,0.8730028826603069,0.8700085411471339,0.8759972241734799
"{'bootstrap': False, 'max_depth': None, 'max_features': 'sqrt', 'min_samples_leaf': 2, 'min_samples_split': 2, 'n_estimators': 1000}","[0.7791625124626121, 0.7308075772681955, 0.7003988035892323, 0.7432701894317049, 0.7517447657028913]","[0.8720925293541786, 0.8735223765855562, 0.8714387975647954, 0.8769641875400923, 0.8709965222569123]",0.7410767696909273,0.7052547403669839,0.7768987990148707,0.8730028826603069,0.8700085411471339,0.8759972241734799
"{'bootstrap': False, 'max_depth': 50, 'max_features': 'auto', 'min_samples_leaf': 2, 'min_samples_split': 2, 'n_estimators': 1000}","[1.1385842472582253, 1.3035892323030907, 1.1340977068793618, 1.2023928215353938, 1.1495513459621136]","[0.8130897869769314, 0.7743935980704156, 0.7918315049536723, 0.8009641987570106, 0.8027307561833152]",1.185643070787637,1.0970446210829095,1.2742415204923647,0.7966019689882691,0.778561395576891,0.8146425423996472
"{'bootstrap': False, 'max_depth': None, 'max_features': 'auto', 'min_samples_leaf': 2, 'min_samples_split': 2, 'n_estimators': 1000}","[1.1385842472582253, 1.3035892323030907, 1.1340977068793618, 1.2023928215353938, 1.1495513459621136]","[0.8130897869769314, 0.7743935980704156, 0.7918315049536723, 0.8009641987570106, 0.8027307561833152]",1.185643070787637,1.0970446210829095,1.2742415204923647,0.7966019689882691,0.778561395576891,0.8146425423996472
