param,xgb_mse_cv_results,xgb_adj_r2_cv_results,early_stopping_rounds,early_stopping_round_mean,xgb_mse_mean,xgb_mse_95_ci_lower,xgb_mse_95_ci_upper,xgb_adj_r2_mean,xgb_adj_r2_95_ci_lower,xgb_adj_r2_95_ci_upper
"{'colsample_bytree': 1, 'gamma': 0, 'learning_rate': 0.01, 'max_depth': 5, 'reg_lambda': 1, 'subsample': 1}","[0.8903290129611167, 0.8095712861415753, 0.8414755732801595, 0.8200398803589233, 0.9032901296111665]","[0.8538434148602451, 0.8598910911152409, 0.845543551807384, 0.8642562632484587, 0.8449905161336372]","[1524, 2193, 1685, 2224, 2603]",2046.0,0.8529411764705882,0.8008957145690803,0.9049866383720961,0.8537049674329932,0.8430931431915408,0.8643167916744455
"{'colsample_bytree': 1, 'gamma': 0, 'learning_rate': 0.01, 'max_depth': 3, 'reg_lambda': 1, 'subsample': 1}","[0.9207377866400798, 0.82901296111665, 0.8494516450648056, 0.82901296111665, 0.8858424725822532]","[0.8488515046175098, 0.8565264067269985, 0.8440795096444209, 0.8627709214481379, 0.8479846286807248]","[3890, 8018, 6965, 5365, 6136]",6075.0,0.8628115653040878,0.8133431021833717,0.9122800284248038,0.8520425942235585,0.8427246849295801,0.861360503517537
